Date,Open,High,Low,Close,Volume,Ticker
2026-09-15,330.1400146484375,331.7799987792969,328.3500061035156,331.3399963378906,31748200,AAPL
2026-09-16,332.5299987792969,335.4800109863281,330.70001220703125,332.4100036621094,35981000,AAPL
2026-09-17,334.7699890136719,338.3399963378906,330.17999267578125,337.0,36700200,AAPL
2026-09-18,337.9100036621094,338.489990234375,332.5299987792969,336.1300048828125,86588200,AAPL
2026-09-21,335.2799987792969,339.6400146484375,333.04998779296875,338.9800109863281,34999200,AAPL
2026-09-22,340.1400146484375,345.3399963378906,338.75,339.75,40711800,AAPL
2026-09-23,341.0799865722656,341.79998779296875,335.5,337.0199890136719,31658800,AAPL
2026-09-24,336.7200012207031,338.9100036621094,334.29998779296875,335.9200134277344,24733100,AAPL
2026-09-25,336.0400085449219,341.6700134277344,334.5299987792969,341.07000732421875,30002500,AAPL
2026-09-28,340.3699951171875,342.989990234375,338.0400085449219,338.3999938964844,32724700,AAPL
2026-09-15,252.24000549316406,253.27000427246094,247.22000122070312,248.4199981689453,36275400,AMZN
2026-09-16,248.10000610351562,249.25999450683594,244.3000030517578,245.9600067138672,33488500,AMZN
2026-09-17,251.07000732421875,252.72999572753906,249.24000549316406,251.19000244140625,30438800,AMZN
2026-09-18,252.9199981689453,255.42999267578125,251.8800048828125,253.7100067138672,52274700,AMZN
2026-09-21,256.3999938964844,259.489990234375,253.60000610351562,258.45001220703125,42979400,AMZN
2026-09-22,255.11000061035156,259.0,253.77999877929688,254.97999572753906,41982600,AMZN
2026-09-23,253.0,253.99000549316406,247.75999450683594,249.27000427246094,44209200,AMZN
2026-09-24,246.02000427246094,250.42999267578125,245.60000610351562,249.3800048828125,33040100,AMZN
2026-09-25,248.55999755859375,250.8800048828125,247.17999267578125,249.6699981689453,34263900,AMZN
2026-09-28,246.6300048828125,247.77000427246094,244.72999572753906,246.14999389648438,31955500,AMZN
2026-09-15,500.05999755859375,505.8999938964844,495.5400085449219,497.1199951171875,17794600,MSFT
2026-09-16,493.0299987792969,495.9700012207031,487.2300109863281,490.29998779296875,16670300,MSFT
2026-09-17,497.79998779296875,501.4700012207031,493.1700134277344,497.75,17841600,MSFT
2026-09-18,497.9700012207031,498.6499938964844,491.1000061035156,493.7799987792969,39622300,MSFT
2026-09-21,494.95001220703125,501.8699951171875,491.3299865722656,501.6099853515625,27959900,MSFT
2026-09-22,507.32000732421875,508.5,493.6499938964844,498.0,21652800,MSFT
2026-09-23,500.760009765625,509.44000244140625,495.8800048828125,500.5899963378906,19445600,MSFT
2026-09-24,495.07000732421875,498.8999938964844,491.2200012207031,497.92999267578125,16657600,MSFT
2026-09-25,499.0400085449219,519.4000244140625,497.25,516.1699829101562,38193100,MSFT
2026-09-28,505.4700012207031,513.3300170898438,502.2200012207031,509.2200012207031,19611600,MSFT
2026-09-15,213.3800048828125,213.94000244140625,211.16000366210938,212.1699981689453,88059700,NVDA
2026-09-16,214.13999938964844,216.75999450683594,212.5,213.89999389648438,96563600,NVDA
2026-09-17,218.3800048828125,219.91000366210938,217.14999389648438,219.33999633789062,94191300,NVDA
2026-09-18,219.35000610351562,222.72999572753906,218.02999877929688,222.27000427246094,190287400,NVDA
2026-09-21,222.94000244140625,228.5,221.55999755859375,227.3800048828125,109806100,NVDA
2026-09-22,226.85000610351562,229.97999572753906,226.5,228.8699951171875,95746700,NVDA
2026-09-23,228.02999877929688,228.9499969482422,224.02000427246094,225.50999450683594,89547300,NVDA
2026-09-24,222.0800018310547,224.94000244140625,221.08999633789062,224.5800018310547,77469900,NVDA
2026-09-25,225.1300048828125,226.94000244140625,223.1300048828125,225.07000732421875,89947700,NVDA
2026-09-28,229.75,233.2100067138672,228.0399932861328,228.86000061035156,141544300,NVDA
2026-09-16,4644.0,4680.0,4600.0,4636.0,7265,SMSN.IL
2026-09-17,4568.0,4788.0,4564.0,4716.0,12737,SMSN.IL
2026-09-18,4712.0,4724.0,4634.0,4636.0,15369,SMSN.IL
2026-09-21,4940.0,5050.0,4924.0,5010.0,22038,SMSN.IL
2026-09-22,5050.0,5175.0,4974.0,5100.0,29659,SMSN.IL
2026-09-23,5205.0,5225.0,5060.0,5070.0,17872,SMSN.IL
2026-09-24,5015.0,5080.0,4936.0,4970.0,12310,SMSN.IL
2026-09-25,5100.0,5135.0,5045.0,5065.0,10447,SMSN.IL
2026-09-28,4954.0,4984.0,4798.0,4824.0,17666,SMSN.IL
2026-09-29,4996.0,5090.0,4996.0,5070.0,13643,SMSN.IL
2026-09-15,420.81109533222605,420.81109533222605,411.44620381558593,412.64300537109375,9452600,TSM
2026-09-16,418.20001220703125,419.8500061035156,413.8800048828125,417.7200012207031,10490900,TSM
2026-09-17,424.3999938964844,430.5299987792969,423.3900146484375,430.260009765625,12447700,TSM
2026-09-18,429.0400085449219,434.82000732421875,428.9800109863281,434.6700134277344,12905100,TSM
2026-09-21,440.79998779296875,445.7200012207031,437.05999755859375,445.1400146484375,9943100,TSM
2026-09-22,441.2200012207031,452.8800048828125,441.20001220703125,452.0,11256000,TSM
2026-09-23,449.7900085449219,450.8800048828125,442.8699951171875,446.57000732421875,10181300,TSM
2026-09-24,441.79998779296875,452.55999755859375,440.6000061035156,451.1499938964844,7720300,TSM
2026-09-25,452.3999938964844,455.0299987792969,449.010009765625,450.6099853515625,7751900,TSM
2026-09-28,448.3900146484375,455.2699890136719,443.1099853515625,452.8800048828125,7867600,TSM
